ID,A,B,F
1,1,0.883657,1.14053
